,Subj_Pred,Obj,Obj_true
0,[start] music is a [end],b'man made to anyone with language',[start] form of communication [end]
1,[start] ride a bicycle motivated by goal [end],b'it pays well',[start] enjoy riding a bicycle [end]
2,[start] car receives action [end],b'grind before use',[start] propel by gasoline or electricity [end]
3,[start] an indian restaurant used for [end],b'eating straight',[start] selling indian meals [end]
4,[start] mediators capable of [end],b'cancer genetic diseases',[start] settle a disagreemen [end]
5,[start] these subtypes are closely correlated [end],b'with the disease in women',[start] to clinical variables [end]
6,[start] Immune - based interventions are opening up [end],b'more pressure',[start] entirely novel therapeutic avenues [end]
7,[start] glycemic targets should reflect [end],b'the beta house on while away their papers that starts with cardiovascular cancer state tell',[start] presence of comorbid conditions [end]
8,[start] these factors may provide [end],b'several as complementary and cardiovascular exercise',[start] an opportunity to reduce deaths [end]
9,[start] Ethnic minorities to have [end],b'in new york city',[start] worse control of their diabetes [end]
